,ARQUIVO,ROTULO,ALVO
0,imagens/com-mascara\0.jpg,Com mascara,1
1,imagens/com-mascara\1.jpg,Com mascara,1
2,imagens/com-mascara\10.jpg,Com mascara,1
3,imagens/com-mascara\100.jpg,Com mascara,1
4,imagens/com-mascara\101.jpg,Com mascara,1
5,imagens/com-mascara\102.jpg,Com mascara,1
6,imagens/com-mascara\103.jpg,Com mascara,1
7,imagens/com-mascara\104.jpg,Com mascara,1
8,imagens/com-mascara\105.jpg,Com mascara,1
9,imagens/com-mascara\106.jpg,Com mascara,1
10,imagens/com-mascara\107.jpg,Com mascara,1
11,imagens/com-mascara\108.jpg,Com mascara,1
12,imagens/com-mascara\109.jpg,Com mascara,1
13,imagens/com-mascara\11.jpg,Com mascara,1
14,imagens/com-mascara\110.jpg,Com mascara,1
15,imagens/com-mascara\111.jpg,Com mascara,1
16,imagens/com-mascara\112.jpg,Com mascara,1
17,imagens/com-mascara\113.jpg,Com mascara,1
18,imagens/com-mascara\114.jpg,Com mascara,1
19,imagens/com-mascara\115.jpg,Com mascara,1
20,imagens/com-mascara\116.jpg,Com mascara,1
21,imagens/com-mascara\117.jpg,Com mascara,1
22,imagens/com-mascara\118.jpg,Com mascara,1
23,imagens/com-mascara\119.jpg,Com mascara,1
24,imagens/com-mascara\12.jpg,Com mascara,1
25,imagens/com-mascara\120.jpg,Com mascara,1
26,imagens/com-mascara\121.jpg,Com mascara,1
27,imagens/com-mascara\122.jpg,Com mascara,1
28,imagens/com-mascara\123.jpg,Com mascara,1
29,imagens/com-mascara\124.jpg,Com mascara,1
30,imagens/com-mascara\125.jpg,Com mascara,1
31,imagens/com-mascara\126.jpg,Com mascara,1
32,imagens/com-mascara\127.jpg,Com mascara,1
33,imagens/com-mascara\128.jpg,Com mascara,1
34,imagens/com-mascara\129.jpg,Com mascara,1
35,imagens/com-mascara\13.jpg,Com mascara,1
36,imagens/com-mascara\130.jpg,Com mascara,1
37,imagens/com-mascara\131.jpg,Com mascara,1
38,imagens/com-mascara\132.jpg,Com mascara,1
39,imagens/com-mascara\133.jpg,Com mascara,1
40,imagens/com-mascara\134.jpg,Com mascara,1
41,imagens/com-mascara\135.jpg,Com mascara,1
42,imagens/com-mascara\136.jpg,Com mascara,1
43,imagens/com-mascara\137.jpg,Com mascara,1
44,imagens/com-mascara\138.jpg,Com mascara,1
45,imagens/com-mascara\139.jpg,Com mascara,1
46,imagens/com-mascara\14.jpg,Com mascara,1
47,imagens/com-mascara\140.jpg,Com mascara,1
48,imagens/com-mascara\141.jpg,Com mascara,1
49,imagens/com-mascara\142.jpg,Com mascara,1
50,imagens/com-mascara\143.jpg,Com mascara,1
51,imagens/com-mascara\144.jpg,Com mascara,1
52,imagens/com-mascara\145.jpg,Com mascara,1
53,imagens/com-mascara\146.jpg,Com mascara,1
54,imagens/com-mascara\147.jpg,Com mascara,1
55,imagens/com-mascara\148.jpg,Com mascara,1
56,imagens/com-mascara\149.jpg,Com mascara,1
57,imagens/com-mascara\15.jpg,Com mascara,1
58,imagens/com-mascara\150.jpg,Com mascara,1
59,imagens/com-mascara\151.jpg,Com mascara,1
60,imagens/com-mascara\152.jpg,Com mascara,1
61,imagens/com-mascara\153.jpg,Com mascara,1
62,imagens/com-mascara\154.jpg,Com mascara,1
63,imagens/com-mascara\155.jpg,Com mascara,1
64,imagens/com-mascara\156.jpg,Com mascara,1
65,imagens/com-mascara\157.jpg,Com mascara,1
66,imagens/com-mascara\158.jpg,Com mascara,1
67,imagens/com-mascara\159.jpg,Com mascara,1
68,imagens/com-mascara\16.jpg,Com mascara,1
69,imagens/com-mascara\160.jpg,Com mascara,1
70,imagens/com-mascara\161.jpg,Com mascara,1
71,imagens/com-mascara\162.jpg,Com mascara,1
72,imagens/com-mascara\163.jpg,Com mascara,1
73,imagens/com-mascara\164.jpg,Com mascara,1
74,imagens/com-mascara\165.jpg,Com mascara,1
75,imagens/com-mascara\166.jpg,Com mascara,1
76,imagens/com-mascara\167.jpg,Com mascara,1
77,imagens/com-mascara\168.jpg,Com mascara,1
78,imagens/com-mascara\169.jpg,Com mascara,1
79,imagens/com-mascara\17.jpg,Com mascara,1
80,imagens/com-mascara\170.jpg,Com mascara,1
81,imagens/com-mascara\171.jpg,Com mascara,1
82,imagens/com-mascara\172.jpg,Com mascara,1
83,imagens/com-mascara\173.jpg,Com mascara,1
84,imagens/com-mascara\174.jpg,Com mascara,1
85,imagens/com-mascara\175.jpg,Com mascara,1
86,imagens/com-mascara\176.jpg,Com mascara,1
87,imagens/com-mascara\177.jpg,Com mascara,1
88,imagens/com-mascara\178.jpg,Com mascara,1
89,imagens/com-mascara\179.jpg,Com mascara,1
90,imagens/com-mascara\18.jpg,Com mascara,1
91,imagens/com-mascara\180.jpg,Com mascara,1
92,imagens/com-mascara\181.jpg,Com mascara,1
93,imagens/com-mascara\182.jpg,Com mascara,1
94,imagens/com-mascara\183.jpg,Com mascara,1
95,imagens/com-mascara\184.jpg,Com mascara,1
96,imagens/com-mascara\185.jpg,Com mascara,1
97,imagens/com-mascara\186.jpg,Com mascara,1
98,imagens/com-mascara\187.jpg,Com mascara,1
99,imagens/com-mascara\188.jpg,Com mascara,1
100,imagens/com-mascara\189.jpg,Com mascara,1
101,imagens/com-mascara\19.jpg,Com mascara,1
102,imagens/com-mascara\190.jpg,Com mascara,1
103,imagens/com-mascara\191.jpg,Com mascara,1
104,imagens/com-mascara\192.jpg,Com mascara,1
105,imagens/com-mascara\193.jpg,Com mascara,1
106,imagens/com-mascara\194.jpg,Com mascara,1
107,imagens/com-mascara\195.jpg,Com mascara,1
108,imagens/com-mascara\196.jpg,Com mascara,1
109,imagens/com-mascara\197.jpg,Com mascara,1
110,imagens/com-mascara\198.jpg,Com mascara,1
111,imagens/com-mascara\199.jpg,Com mascara,1
112,imagens/com-mascara\2.jpg,Com mascara,1
113,imagens/com-mascara\20.jpg,Com mascara,1
114,imagens/com-mascara\200.jpg,Com mascara,1
115,imagens/com-mascara\201.jpg,Com mascara,1
116,imagens/com-mascara\202.jpg,Com mascara,1
117,imagens/com-mascara\203.jpg,Com mascara,1
118,imagens/com-mascara\204.jpg,Com mascara,1
119,imagens/com-mascara\205.jpg,Com mascara,1
120,imagens/com-mascara\206.jpg,Com mascara,1
121,imagens/com-mascara\207.jpg,Com mascara,1
122,imagens/com-mascara\208.jpg,Com mascara,1
123,imagens/com-mascara\209.jpg,Com mascara,1
124,imagens/com-mascara\21.jpg,Com mascara,1
125,imagens/com-mascara\210.jpg,Com mascara,1
126,imagens/com-mascara\211.jpg,Com mascara,1
127,imagens/com-mascara\212.jpg,Com mascara,1
128,imagens/com-mascara\213.jpg,Com mascara,1
129,imagens/com-mascara\214.jpg,Com mascara,1
130,imagens/com-mascara\215.jpg,Com mascara,1
131,imagens/com-mascara\216.jpg,Com mascara,1
132,imagens/com-mascara\217.jpg,Com mascara,1
133,imagens/com-mascara\218.jpg,Com mascara,1
134,imagens/com-mascara\219.jpg,Com mascara,1
135,imagens/com-mascara\22.jpg,Com mascara,1
136,imagens/com-mascara\220.jpg,Com mascara,1
137,imagens/com-mascara\221.jpg,Com mascara,1
138,imagens/com-mascara\222.jpg,Com mascara,1
139,imagens/com-mascara\223.jpg,Com mascara,1
140,imagens/com-mascara\224.jpg,Com mascara,1
141,imagens/com-mascara\225.jpg,Com mascara,1
142,imagens/com-mascara\226.jpg,Com mascara,1
143,imagens/com-mascara\227.jpg,Com mascara,1
144,imagens/com-mascara\228.jpg,Com mascara,1
145,imagens/com-mascara\229.jpg,Com mascara,1
146,imagens/com-mascara\23.jpg,Com mascara,1
147,imagens/com-mascara\230.jpg,Com mascara,1
148,imagens/com-mascara\231.jpg,Com mascara,1
149,imagens/com-mascara\232.jpg,Com mascara,1
150,imagens/com-mascara\233.jpg,Com mascara,1
151,imagens/com-mascara\234.jpg,Com mascara,1
152,imagens/com-mascara\235.jpg,Com mascara,1
153,imagens/com-mascara\236.jpg,Com mascara,1
154,imagens/com-mascara\237.jpg,Com mascara,1
155,imagens/com-mascara\238.jpg,Com mascara,1
156,imagens/com-mascara\239.jpg,Com mascara,1
157,imagens/com-mascara\24.jpg,Com mascara,1
158,imagens/com-mascara\240.jpg,Com mascara,1
159,imagens/com-mascara\241.jpg,Com mascara,1
160,imagens/com-mascara\242.jpg,Com mascara,1
161,imagens/com-mascara\243.jpg,Com mascara,1
162,imagens/com-mascara\244.jpg,Com mascara,1
163,imagens/com-mascara\245.jpg,Com mascara,1
164,imagens/com-mascara\246.jpg,Com mascara,1
165,imagens/com-mascara\247.jpg,Com mascara,1
166,imagens/com-mascara\248.jpg,Com mascara,1
167,imagens/com-mascara\249.jpg,Com mascara,1
168,imagens/com-mascara\25.jpg,Com mascara,1
169,imagens/com-mascara\250.jpg,Com mascara,1
170,imagens/com-mascara\251.jpg,Com mascara,1
171,imagens/com-mascara\252.jpg,Com mascara,1
172,imagens/com-mascara\253.jpg,Com mascara,1
173,imagens/com-mascara\254.jpg,Com mascara,1
174,imagens/com-mascara\255.jpg,Com mascara,1
175,imagens/com-mascara\256.jpg,Com mascara,1
176,imagens/com-mascara\257.jpg,Com mascara,1
177,imagens/com-mascara\258.jpeg,Com mascara,1
178,imagens/com-mascara\259.jpeg,Com mascara,1
179,imagens/com-mascara\26.jpg,Com mascara,1
180,imagens/com-mascara\260.jpeg,Com mascara,1
181,imagens/com-mascara\261.jpeg,Com mascara,1
182,imagens/com-mascara\262.jpeg,Com mascara,1
183,imagens/com-mascara\263.jpeg,Com mascara,1
184,imagens/com-mascara\264.jpeg,Com mascara,1
185,imagens/com-mascara\265.jpeg,Com mascara,1
186,imagens/com-mascara\268.jpeg,Com mascara,1
187,imagens/com-mascara\269.jpeg,Com mascara,1
188,imagens/com-mascara\27.jpg,Com mascara,1
189,imagens/com-mascara\270.jpeg,Com mascara,1
190,imagens/com-mascara\271.jpeg,Com mascara,1
191,imagens/com-mascara\272.jpeg,Com mascara,1
192,imagens/com-mascara\273.jpeg,Com mascara,1
193,imagens/com-mascara\274.jpeg,Com mascara,1
194,imagens/com-mascara\28.jpg,Com mascara,1
195,imagens/com-mascara\29.jpg,Com mascara,1
196,imagens/com-mascara\3.jpg,Com mascara,1
197,imagens/com-mascara\30.jpg,Com mascara,1
198,imagens/com-mascara\31.jpg,Com mascara,1
199,imagens/com-mascara\32.jpg,Com mascara,1
200,imagens/com-mascara\33.jpg,Com mascara,1
201,imagens/com-mascara\34.jpg,Com mascara,1
202,imagens/com-mascara\35.jpg,Com mascara,1
203,imagens/com-mascara\36.jpg,Com mascara,1
204,imagens/com-mascara\37.jpg,Com mascara,1
205,imagens/com-mascara\38.jpg,Com mascara,1
206,imagens/com-mascara\39.jpg,Com mascara,1
207,imagens/com-mascara\4.jpg,Com mascara,1
208,imagens/com-mascara\40.jpg,Com mascara,1
209,imagens/com-mascara\41.jpg,Com mascara,1
210,imagens/com-mascara\42.jpg,Com mascara,1
211,imagens/com-mascara\43.jpg,Com mascara,1
212,imagens/com-mascara\44.jpg,Com mascara,1
213,imagens/com-mascara\45.jpg,Com mascara,1
214,imagens/com-mascara\46.jpg,Com mascara,1
215,imagens/com-mascara\47.jpg,Com mascara,1
216,imagens/com-mascara\48.jpg,Com mascara,1
217,imagens/com-mascara\49.jpg,Com mascara,1
218,imagens/com-mascara\5.jpg,Com mascara,1
219,imagens/com-mascara\50.jpg,Com mascara,1
220,imagens/com-mascara\51.jpg,Com mascara,1
221,imagens/com-mascara\52.jpg,Com mascara,1
222,imagens/com-mascara\53.jpg,Com mascara,1
223,imagens/com-mascara\54.jpg,Com mascara,1
224,imagens/com-mascara\55.jpg,Com mascara,1
225,imagens/com-mascara\56.jpg,Com mascara,1
226,imagens/com-mascara\57.jpg,Com mascara,1
227,imagens/com-mascara\58.jpg,Com mascara,1
228,imagens/com-mascara\59.jpg,Com mascara,1
229,imagens/com-mascara\6.jpg,Com mascara,1
230,imagens/com-mascara\60.jpg,Com mascara,1
231,imagens/com-mascara\61.jpg,Com mascara,1
232,imagens/com-mascara\62.jpg,Com mascara,1
233,imagens/com-mascara\63.jpg,Com mascara,1
234,imagens/com-mascara\64.jpg,Com mascara,1
235,imagens/com-mascara\65.jpg,Com mascara,1
236,imagens/com-mascara\66.jpg,Com mascara,1
237,imagens/com-mascara\67.jpg,Com mascara,1
238,imagens/com-mascara\68.jpg,Com mascara,1
239,imagens/com-mascara\69.jpg,Com mascara,1
240,imagens/com-mascara\7.jpg,Com mascara,1
241,imagens/com-mascara\70.jpg,Com mascara,1
242,imagens/com-mascara\71.jpg,Com mascara,1
243,imagens/com-mascara\72.jpg,Com mascara,1
244,imagens/com-mascara\73.jpg,Com mascara,1
245,imagens/com-mascara\74.jpg,Com mascara,1
246,imagens/com-mascara\75.jpg,Com mascara,1
247,imagens/com-mascara\76.jpg,Com mascara,1
248,imagens/com-mascara\77.jpg,Com mascara,1
249,imagens/com-mascara\78.jpg,Com mascara,1
250,imagens/com-mascara\79.jpg,Com mascara,1
251,imagens/com-mascara\8.jpg,Com mascara,1
252,imagens/com-mascara\80.jpg,Com mascara,1
253,imagens/com-mascara\81.jpg,Com mascara,1
254,imagens/com-mascara\82.jpg,Com mascara,1
255,imagens/com-mascara\83.jpg,Com mascara,1
256,imagens/com-mascara\84.jpg,Com mascara,1
257,imagens/com-mascara\85.jpg,Com mascara,1
258,imagens/com-mascara\86.jpg,Com mascara,1
259,imagens/com-mascara\87.jpg,Com mascara,1
260,imagens/com-mascara\88.jpg,Com mascara,1
261,imagens/com-mascara\89.jpg,Com mascara,1
262,imagens/com-mascara\9.jpg,Com mascara,1
263,imagens/com-mascara\90.jpg,Com mascara,1
264,imagens/com-mascara\91.jpg,Com mascara,1
265,imagens/com-mascara\92.jpg,Com mascara,1
266,imagens/com-mascara\93.jpg,Com mascara,1
267,imagens/com-mascara\94.jpg,Com mascara,1
268,imagens/com-mascara\95.jpg,Com mascara,1
269,imagens/com-mascara\96.jpg,Com mascara,1
270,imagens/com-mascara\97.jpg,Com mascara,1
271,imagens/com-mascara\98.jpg,Com mascara,1
272,imagens/com-mascara\99.jpg,Com mascara,1
273,imagens/sem-mascara\1.jpg,Sem mascara,0
274,imagens/sem-mascara\10.jpg,Sem mascara,0
275,imagens/sem-mascara\102.jpg,Sem mascara,0
276,imagens/sem-mascara\103.jpg,Sem mascara,0
277,imagens/sem-mascara\104.jpg,Sem mascara,0
278,imagens/sem-mascara\105.jpg,Sem mascara,0
279,imagens/sem-mascara\107.jpg,Sem mascara,0
280,imagens/sem-mascara\108.jpg,Sem mascara,0
281,imagens/sem-mascara\109.jpg,Sem mascara,0
282,imagens/sem-mascara\110.jpg,Sem mascara,0
283,imagens/sem-mascara\111.jpg,Sem mascara,0
284,imagens/sem-mascara\112.jpg,Sem mascara,0
285,imagens/sem-mascara\114.jpg,Sem mascara,0
286,imagens/sem-mascara\115.jpg,Sem mascara,0
287,imagens/sem-mascara\116.jpg,Sem mascara,0
288,imagens/sem-mascara\119.jpg,Sem mascara,0
289,imagens/sem-mascara\12.jpg,Sem mascara,0
290,imagens/sem-mascara\120.jpg,Sem mascara,0
291,imagens/sem-mascara\121.jpg,Sem mascara,0
292,imagens/sem-mascara\122.jpg,Sem mascara,0
293,imagens/sem-mascara\125.jpg,Sem mascara,0
294,imagens/sem-mascara\126.jpg,Sem mascara,0
295,imagens/sem-mascara\127.jpg,Sem mascara,0
296,imagens/sem-mascara\128.jpg,Sem mascara,0
297,imagens/sem-mascara\129.jpg,Sem mascara,0
298,imagens/sem-mascara\130.jpg,Sem mascara,0
299,imagens/sem-mascara\133.jpg,Sem mascara,0
300,imagens/sem-mascara\136.jpg,Sem mascara,0
301,imagens/sem-mascara\137.jpg,Sem mascara,0
302,imagens/sem-mascara\138.jpg,Sem mascara,0
303,imagens/sem-mascara\139.jpg,Sem mascara,0
304,imagens/sem-mascara\14.jpg,Sem mascara,0
305,imagens/sem-mascara\140.jpg,Sem mascara,0
306,imagens/sem-mascara\141.jpg,Sem mascara,0
307,imagens/sem-mascara\144.jpg,Sem mascara,0
308,imagens/sem-mascara\145.jpg,Sem mascara,0
309,imagens/sem-mascara\146.jpg,Sem mascara,0
310,imagens/sem-mascara\148.jpg,Sem mascara,0
311,imagens/sem-mascara\149.jpg,Sem mascara,0
312,imagens/sem-mascara\151.jpg,Sem mascara,0
313,imagens/sem-mascara\152.jpg,Sem mascara,0
314,imagens/sem-mascara\154.jpg,Sem mascara,0
315,imagens/sem-mascara\155.jpg,Sem mascara,0
316,imagens/sem-mascara\157.jpg,Sem mascara,0
317,imagens/sem-mascara\16.jpg,Sem mascara,0
318,imagens/sem-mascara\161.jpg,Sem mascara,0
319,imagens/sem-mascara\162.jpg,Sem mascara,0
320,imagens/sem-mascara\163.jpg,Sem mascara,0
321,imagens/sem-mascara\164.jpg,Sem mascara,0
322,imagens/sem-mascara\165.jpg,Sem mascara,0
323,imagens/sem-mascara\166.jpg,Sem mascara,0
324,imagens/sem-mascara\168.jpg,Sem mascara,0
325,imagens/sem-mascara\169.jpg,Sem mascara,0
326,imagens/sem-mascara\170.jpg,Sem mascara,0
327,imagens/sem-mascara\171.jpg,Sem mascara,0
328,imagens/sem-mascara\172.jpg,Sem mascara,0
329,imagens/sem-mascara\173.jpg,Sem mascara,0
330,imagens/sem-mascara\174.jpg,Sem mascara,0
331,imagens/sem-mascara\178.jpg,Sem mascara,0
332,imagens/sem-mascara\179.jpg,Sem mascara,0
333,imagens/sem-mascara\18.jpg,Sem mascara,0
334,imagens/sem-mascara\181.jpg,Sem mascara,0
335,imagens/sem-mascara\182.jpg,Sem mascara,0
336,imagens/sem-mascara\184.jpg,Sem mascara,0
337,imagens/sem-mascara\185.jpg,Sem mascara,0
338,imagens/sem-mascara\186.jpg,Sem mascara,0
339,imagens/sem-mascara\187.jpg,Sem mascara,0
340,imagens/sem-mascara\188.jpg,Sem mascara,0
341,imagens/sem-mascara\189.jpg,Sem mascara,0
342,imagens/sem-mascara\190.jpg,Sem mascara,0
343,imagens/sem-mascara\191.jpg,Sem mascara,0
344,imagens/sem-mascara\193.jpg,Sem mascara,0
345,imagens/sem-mascara\194.jpg,Sem mascara,0
346,imagens/sem-mascara\195.jpg,Sem mascara,0
347,imagens/sem-mascara\197.jpg,Sem mascara,0
348,imagens/sem-mascara\198.jpg,Sem mascara,0
349,imagens/sem-mascara\199.jpg,Sem mascara,0
350,imagens/sem-mascara\2.jpg,Sem mascara,0
351,imagens/sem-mascara\201.jpg,Sem mascara,0
352,imagens/sem-mascara\203.jpg,Sem mascara,0
353,imagens/sem-mascara\204.jpg,Sem mascara,0
354,imagens/sem-mascara\207.jpg,Sem mascara,0
355,imagens/sem-mascara\208.jpg,Sem mascara,0
356,imagens/sem-mascara\209.jpg,Sem mascara,0
357,imagens/sem-mascara\21.jpg,Sem mascara,0
358,imagens/sem-mascara\210.jpg,Sem mascara,0
359,imagens/sem-mascara\212.jpg,Sem mascara,0
360,imagens/sem-mascara\213.jpg,Sem mascara,0
361,imagens/sem-mascara\216.jpg,Sem mascara,0
362,imagens/sem-mascara\217.jpg,Sem mascara,0
363,imagens/sem-mascara\218.jpg,Sem mascara,0
364,imagens/sem-mascara\219.jpg,Sem mascara,0
365,imagens/sem-mascara\22.jpg,Sem mascara,0
366,imagens/sem-mascara\221.jpg,Sem mascara,0
367,imagens/sem-mascara\223.jpg,Sem mascara,0
368,imagens/sem-mascara\225.jpg,Sem mascara,0
369,imagens/sem-mascara\227.jpg,Sem mascara,0
370,imagens/sem-mascara\229.jpg,Sem mascara,0
371,imagens/sem-mascara\230.jpg,Sem mascara,0
372,imagens/sem-mascara\232.jpg,Sem mascara,0
373,imagens/sem-mascara\233.jpg,Sem mascara,0
374,imagens/sem-mascara\234.jpg,Sem mascara,0
375,imagens/sem-mascara\235.jpg,Sem mascara,0
376,imagens/sem-mascara\236.jpg,Sem mascara,0
377,imagens/sem-mascara\237.jpg,Sem mascara,0
378,imagens/sem-mascara\24.jpg,Sem mascara,0
379,imagens/sem-mascara\240.jpg,Sem mascara,0
380,imagens/sem-mascara\241.jpg,Sem mascara,0
381,imagens/sem-mascara\244.jpg,Sem mascara,0
382,imagens/sem-mascara\245.jpg,Sem mascara,0
383,imagens/sem-mascara\246.jpg,Sem mascara,0
384,imagens/sem-mascara\247.jpg,Sem mascara,0
385,imagens/sem-mascara\248.jpg,Sem mascara,0
386,imagens/sem-mascara\249.jpg,Sem mascara,0
387,imagens/sem-mascara\25.jpg,Sem mascara,0
388,imagens/sem-mascara\253.jpg,Sem mascara,0
389,imagens/sem-mascara\256.jpg,Sem mascara,0
390,imagens/sem-mascara\257.jpg,Sem mascara,0
391,imagens/sem-mascara\258.jpg,Sem mascara,0
392,imagens/sem-mascara\262.jpg,Sem mascara,0
393,imagens/sem-mascara\263.jpg,Sem mascara,0
394,imagens/sem-mascara\264.jpg,Sem mascara,0
395,imagens/sem-mascara\265.jpg,Sem mascara,0
396,imagens/sem-mascara\266.jpg,Sem mascara,0
397,imagens/sem-mascara\268.jpg,Sem mascara,0
398,imagens/sem-mascara\269.jpg,Sem mascara,0
399,imagens/sem-mascara\27.jpg,Sem mascara,0
400,imagens/sem-mascara\271.jpg,Sem mascara,0
401,imagens/sem-mascara\272.jpg,Sem mascara,0
402,imagens/sem-mascara\273.jpg,Sem mascara,0
403,imagens/sem-mascara\275.jpg,Sem mascara,0
404,imagens/sem-mascara\276.jpg,Sem mascara,0
405,imagens/sem-mascara\277.jpg,Sem mascara,0
406,imagens/sem-mascara\278.jpg,Sem mascara,0
407,imagens/sem-mascara\279.jpg,Sem mascara,0
408,imagens/sem-mascara\28.jpg,Sem mascara,0
409,imagens/sem-mascara\281.jpg,Sem mascara,0
410,imagens/sem-mascara\283.jpg,Sem mascara,0
411,imagens/sem-mascara\284.jpg,Sem mascara,0
412,imagens/sem-mascara\285.jpg,Sem mascara,0
413,imagens/sem-mascara\286.jpg,Sem mascara,0
414,imagens/sem-mascara\287.jpg,Sem mascara,0
415,imagens/sem-mascara\288.jpg,Sem mascara,0
416,imagens/sem-mascara\290.jpg,Sem mascara,0
417,imagens/sem-mascara\291.jpg,Sem mascara,0
418,imagens/sem-mascara\293.jpg,Sem mascara,0
419,imagens/sem-mascara\296.jpg,Sem mascara,0
420,imagens/sem-mascara\297.jpg,Sem mascara,0
421,imagens/sem-mascara\299.jpg,Sem mascara,0
422,imagens/sem-mascara\3.jpg,Sem mascara,0
423,imagens/sem-mascara\30.jpg,Sem mascara,0
424,imagens/sem-mascara\304.jpg,Sem mascara,0
425,imagens/sem-mascara\307.jpg,Sem mascara,0
426,imagens/sem-mascara\308.jpg,Sem mascara,0
427,imagens/sem-mascara\309.jpg,Sem mascara,0
428,imagens/sem-mascara\311.jpg,Sem mascara,0
429,imagens/sem-mascara\313.jpg,Sem mascara,0
430,imagens/sem-mascara\315.jpg,Sem mascara,0
431,imagens/sem-mascara\316.jpg,Sem mascara,0
432,imagens/sem-mascara\318.jpg,Sem mascara,0
433,imagens/sem-mascara\319.jpg,Sem mascara,0
434,imagens/sem-mascara\32.jpg,Sem mascara,0
435,imagens/sem-mascara\320.jpg,Sem mascara,0
436,imagens/sem-mascara\321.jpg,Sem mascara,0
437,imagens/sem-mascara\323.jpg,Sem mascara,0
438,imagens/sem-mascara\325.jpg,Sem mascara,0
439,imagens/sem-mascara\326.jpg,Sem mascara,0
440,imagens/sem-mascara\327.jpg,Sem mascara,0
441,imagens/sem-mascara\33.jpg,Sem mascara,0
442,imagens/sem-mascara\331.jpg,Sem mascara,0
443,imagens/sem-mascara\332.jpg,Sem mascara,0
444,imagens/sem-mascara\333.jpg,Sem mascara,0
445,imagens/sem-mascara\338.jpg,Sem mascara,0
446,imagens/sem-mascara\339.jpg,Sem mascara,0
447,imagens/sem-mascara\34.jpg,Sem mascara,0
448,imagens/sem-mascara\340.jpg,Sem mascara,0
449,imagens/sem-mascara\344.jpg,Sem mascara,0
450,imagens/sem-mascara\345.jpg,Sem mascara,0
451,imagens/sem-mascara\346.jpg,Sem mascara,0
452,imagens/sem-mascara\348.jpg,Sem mascara,0
453,imagens/sem-mascara\35.jpg,Sem mascara,0
454,imagens/sem-mascara\350.jpg,Sem mascara,0
455,imagens/sem-mascara\352.jpg,Sem mascara,0
456,imagens/sem-mascara\356.jpg,Sem mascara,0
457,imagens/sem-mascara\358.jpg,Sem mascara,0
458,imagens/sem-mascara\36.jpg,Sem mascara,0
459,imagens/sem-mascara\361.jpg,Sem mascara,0
460,imagens/sem-mascara\362.jpg,Sem mascara,0
461,imagens/sem-mascara\363.jpg,Sem mascara,0
462,imagens/sem-mascara\365.jpg,Sem mascara,0
463,imagens/sem-mascara\367.jpg,Sem mascara,0
464,imagens/sem-mascara\369.jpg,Sem mascara,0
465,imagens/sem-mascara\37.jpg,Sem mascara,0
466,imagens/sem-mascara\370.jpg,Sem mascara,0
467,imagens/sem-mascara\372.jpg,Sem mascara,0
468,imagens/sem-mascara\373.jpg,Sem mascara,0
469,imagens/sem-mascara\374.jpg,Sem mascara,0
470,imagens/sem-mascara\375.jpg,Sem mascara,0
471,imagens/sem-mascara\377.jpg,Sem mascara,0
472,imagens/sem-mascara\378.jpg,Sem mascara,0
473,imagens/sem-mascara\379.jpg,Sem mascara,0
474,imagens/sem-mascara\380.jpg,Sem mascara,0
475,imagens/sem-mascara\384.jpg,Sem mascara,0
476,imagens/sem-mascara\386.jpg,Sem mascara,0
477,imagens/sem-mascara\387.jpg,Sem mascara,0
478,imagens/sem-mascara\388.jpg,Sem mascara,0
479,imagens/sem-mascara\389.jpg,Sem mascara,0
480,imagens/sem-mascara\39.jpg,Sem mascara,0
481,imagens/sem-mascara\390.jpg,Sem mascara,0
482,imagens/sem-mascara\391.jpg,Sem mascara,0
483,imagens/sem-mascara\392.jpg,Sem mascara,0
484,imagens/sem-mascara\393.jpg,Sem mascara,0
485,imagens/sem-mascara\394.jpg,Sem mascara,0
486,imagens/sem-mascara\397.jpg,Sem mascara,0
487,imagens/sem-mascara\398.jpg,Sem mascara,0
488,imagens/sem-mascara\399.jpg,Sem mascara,0
489,imagens/sem-mascara\400.jpg,Sem mascara,0
490,imagens/sem-mascara\401.jpg,Sem mascara,0
491,imagens/sem-mascara\402.jpg,Sem mascara,0
492,imagens/sem-mascara\403.jpg,Sem mascara,0
493,imagens/sem-mascara\404.jpg,Sem mascara,0
494,imagens/sem-mascara\405.jpg,Sem mascara,0
495,imagens/sem-mascara\41.jpg,Sem mascara,0
496,imagens/sem-mascara\410.jpg,Sem mascara,0
497,imagens/sem-mascara\412.jpg,Sem mascara,0
498,imagens/sem-mascara\413.jpg,Sem mascara,0
499,imagens/sem-mascara\414.jpg,Sem mascara,0
500,imagens/sem-mascara\417.jpg,Sem mascara,0
501,imagens/sem-mascara\418.jpg,Sem mascara,0
502,imagens/sem-mascara\419.jpg,Sem mascara,0
503,imagens/sem-mascara\42.jpg,Sem mascara,0
504,imagens/sem-mascara\420.jpg,Sem mascara,0
505,imagens/sem-mascara\421.jpg,Sem mascara,0
506,imagens/sem-mascara\422.jpg,Sem mascara,0
507,imagens/sem-mascara\423.jpg,Sem mascara,0
508,imagens/sem-mascara\424.jpg,Sem mascara,0
509,imagens/sem-mascara\425.jpg,Sem mascara,0
510,imagens/sem-mascara\426.jpg,Sem mascara,0
511,imagens/sem-mascara\427.jpg,Sem mascara,0
512,imagens/sem-mascara\428.jpg,Sem mascara,0
513,imagens/sem-mascara\429.jpg,Sem mascara,0
514,imagens/sem-mascara\43.jpg,Sem mascara,0
515,imagens/sem-mascara\430.jpg,Sem mascara,0
516,imagens/sem-mascara\431.jpg,Sem mascara,0
517,imagens/sem-mascara\432.jpg,Sem mascara,0
518,imagens/sem-mascara\433.jpg,Sem mascara,0
519,imagens/sem-mascara\434.jpg,Sem mascara,0
520,imagens/sem-mascara\435.jpg,Sem mascara,0
521,imagens/sem-mascara\436.jpg,Sem mascara,0
522,imagens/sem-mascara\437.jpg,Sem mascara,0
523,imagens/sem-mascara\438.jpg,Sem mascara,0
524,imagens/sem-mascara\439.jpg,Sem mascara,0
525,imagens/sem-mascara\44.jpg,Sem mascara,0
526,imagens/sem-mascara\440.jpg,Sem mascara,0
527,imagens/sem-mascara\441.jpg,Sem mascara,0
528,imagens/sem-mascara\442.jpg,Sem mascara,0
529,imagens/sem-mascara\443.jpg,Sem mascara,0
530,imagens/sem-mascara\444.jpg,Sem mascara,0
531,imagens/sem-mascara\445.jpg,Sem mascara,0
532,imagens/sem-mascara\446.jpg,Sem mascara,0
533,imagens/sem-mascara\447.jpg,Sem mascara,0
534,imagens/sem-mascara\448.jpg,Sem mascara,0
535,imagens/sem-mascara\449.jpg,Sem mascara,0
536,imagens/sem-mascara\45.jpg,Sem mascara,0
537,imagens/sem-mascara\450.jpg,Sem mascara,0
538,imagens/sem-mascara\451.jpg,Sem mascara,0
539,imagens/sem-mascara\452.jpg,Sem mascara,0
540,imagens/sem-mascara\453.jpg,Sem mascara,0
541,imagens/sem-mascara\454.jpg,Sem mascara,0
542,imagens/sem-mascara\455.jpg,Sem mascara,0
543,imagens/sem-mascara\456.jpg,Sem mascara,0
544,imagens/sem-mascara\457.jpg,Sem mascara,0
545,imagens/sem-mascara\458.jpg,Sem mascara,0
546,imagens/sem-mascara\459.jpg,Sem mascara,0
547,imagens/sem-mascara\46.jpg,Sem mascara,0
548,imagens/sem-mascara\460.jpg,Sem mascara,0
549,imagens/sem-mascara\461.jpg,Sem mascara,0
550,imagens/sem-mascara\462.jpg,Sem mascara,0
551,imagens/sem-mascara\463.jpg,Sem mascara,0
552,imagens/sem-mascara\464.jpg,Sem mascara,0
553,imagens/sem-mascara\465.jpg,Sem mascara,0
554,imagens/sem-mascara\466.jpg,Sem mascara,0
555,imagens/sem-mascara\467.jpg,Sem mascara,0
556,imagens/sem-mascara\468.jpg,Sem mascara,0
557,imagens/sem-mascara\469.jpg,Sem mascara,0
558,imagens/sem-mascara\47.jpg,Sem mascara,0
559,imagens/sem-mascara\470.jpg,Sem mascara,0
560,imagens/sem-mascara\471.jpg,Sem mascara,0
561,imagens/sem-mascara\472.jpg,Sem mascara,0
562,imagens/sem-mascara\473.jpg,Sem mascara,0
563,imagens/sem-mascara\474.jpg,Sem mascara,0
564,imagens/sem-mascara\475.jpg,Sem mascara,0
565,imagens/sem-mascara\476.jpg,Sem mascara,0
566,imagens/sem-mascara\477.jpg,Sem mascara,0
567,imagens/sem-mascara\478.jpg,Sem mascara,0
568,imagens/sem-mascara\479.jpg,Sem mascara,0
569,imagens/sem-mascara\48.jpg,Sem mascara,0
570,imagens/sem-mascara\480.jpg,Sem mascara,0
571,imagens/sem-mascara\481.jpg,Sem mascara,0
572,imagens/sem-mascara\482.jpg,Sem mascara,0
573,imagens/sem-mascara\483.jpg,Sem mascara,0
574,imagens/sem-mascara\484.jpg,Sem mascara,0
575,imagens/sem-mascara\485.jpg,Sem mascara,0
576,imagens/sem-mascara\486.jpg,Sem mascara,0
577,imagens/sem-mascara\487.jpg,Sem mascara,0
578,imagens/sem-mascara\488.jpg,Sem mascara,0
579,imagens/sem-mascara\489.jpg,Sem mascara,0
580,imagens/sem-mascara\49.jpg,Sem mascara,0
581,imagens/sem-mascara\490.jpg,Sem mascara,0
582,imagens/sem-mascara\491.jpg,Sem mascara,0
583,imagens/sem-mascara\492.jpg,Sem mascara,0
584,imagens/sem-mascara\493.jpg,Sem mascara,0
585,imagens/sem-mascara\494.jpg,Sem mascara,0
586,imagens/sem-mascara\495.jpg,Sem mascara,0
587,imagens/sem-mascara\496.jpg,Sem mascara,0
588,imagens/sem-mascara\497.jpg,Sem mascara,0
589,imagens/sem-mascara\498.jpg,Sem mascara,0
590,imagens/sem-mascara\499.jpg,Sem mascara,0
591,imagens/sem-mascara\5.jpg,Sem mascara,0
592,imagens/sem-mascara\50.jpg,Sem mascara,0
593,imagens/sem-mascara\500.jpg,Sem mascara,0
594,imagens/sem-mascara\501.jpg,Sem mascara,0
595,imagens/sem-mascara\502.jpg,Sem mascara,0
596,imagens/sem-mascara\503.jpg,Sem mascara,0
597,imagens/sem-mascara\504.jpg,Sem mascara,0
598,imagens/sem-mascara\505.jpg,Sem mascara,0
599,imagens/sem-mascara\506.jpg,Sem mascara,0
600,imagens/sem-mascara\507.jpg,Sem mascara,0
601,imagens/sem-mascara\508.jpg,Sem mascara,0
602,imagens/sem-mascara\509.jpg,Sem mascara,0
603,imagens/sem-mascara\51.jpg,Sem mascara,0
604,imagens/sem-mascara\510.jpg,Sem mascara,0
605,imagens/sem-mascara\511.jpg,Sem mascara,0
606,imagens/sem-mascara\512.jpg,Sem mascara,0
607,imagens/sem-mascara\513.jpg,Sem mascara,0
608,imagens/sem-mascara\514.jpg,Sem mascara,0
609,imagens/sem-mascara\515.jpg,Sem mascara,0
610,imagens/sem-mascara\516.jpg,Sem mascara,0
611,imagens/sem-mascara\517.jpg,Sem mascara,0
612,imagens/sem-mascara\518.jpg,Sem mascara,0
613,imagens/sem-mascara\519.jpg,Sem mascara,0
614,imagens/sem-mascara\52.jpg,Sem mascara,0
615,imagens/sem-mascara\520.jpg,Sem mascara,0
616,imagens/sem-mascara\521.jpg,Sem mascara,0
617,imagens/sem-mascara\522.jpg,Sem mascara,0
618,imagens/sem-mascara\523.jpg,Sem mascara,0
619,imagens/sem-mascara\524.jpg,Sem mascara,0
620,imagens/sem-mascara\525.jpg,Sem mascara,0
621,imagens/sem-mascara\526.jpg,Sem mascara,0
622,imagens/sem-mascara\527.jpg,Sem mascara,0
623,imagens/sem-mascara\528.jpg,Sem mascara,0
624,imagens/sem-mascara\529.jpg,Sem mascara,0
625,imagens/sem-mascara\53.jpg,Sem mascara,0
626,imagens/sem-mascara\530.jpg,Sem mascara,0
627,imagens/sem-mascara\531.jpg,Sem mascara,0
628,imagens/sem-mascara\532.jpg,Sem mascara,0
629,imagens/sem-mascara\533.jpg,Sem mascara,0
630,imagens/sem-mascara\534.jpg,Sem mascara,0
631,imagens/sem-mascara\535.jpg,Sem mascara,0
632,imagens/sem-mascara\536.jpg,Sem mascara,0
633,imagens/sem-mascara\537.jpg,Sem mascara,0
634,imagens/sem-mascara\538.jpg,Sem mascara,0
635,imagens/sem-mascara\539.jpg,Sem mascara,0
636,imagens/sem-mascara\54.jpg,Sem mascara,0
637,imagens/sem-mascara\540.jpg,Sem mascara,0
638,imagens/sem-mascara\541.jpg,Sem mascara,0
639,imagens/sem-mascara\542.jpg,Sem mascara,0
640,imagens/sem-mascara\543.jpg,Sem mascara,0
641,imagens/sem-mascara\544.jpg,Sem mascara,0
642,imagens/sem-mascara\545.jpg,Sem mascara,0
643,imagens/sem-mascara\546.jpg,Sem mascara,0
644,imagens/sem-mascara\547.jpg,Sem mascara,0
645,imagens/sem-mascara\548.jpg,Sem mascara,0
646,imagens/sem-mascara\549.jpg,Sem mascara,0
647,imagens/sem-mascara\55.jpg,Sem mascara,0
648,imagens/sem-mascara\550.jpg,Sem mascara,0
649,imagens/sem-mascara\551.jpg,Sem mascara,0
650,imagens/sem-mascara\552.jpg,Sem mascara,0
651,imagens/sem-mascara\553.jpg,Sem mascara,0
652,imagens/sem-mascara\554.jpg,Sem mascara,0
653,imagens/sem-mascara\555.jpg,Sem mascara,0
654,imagens/sem-mascara\556.jpg,Sem mascara,0
655,imagens/sem-mascara\557.jpg,Sem mascara,0
656,imagens/sem-mascara\558.jpg,Sem mascara,0
657,imagens/sem-mascara\559.jpg,Sem mascara,0
658,imagens/sem-mascara\56.jpg,Sem mascara,0
659,imagens/sem-mascara\560.jpg,Sem mascara,0
660,imagens/sem-mascara\561.jpg,Sem mascara,0
661,imagens/sem-mascara\562.jpg,Sem mascara,0
662,imagens/sem-mascara\563.jpg,Sem mascara,0
663,imagens/sem-mascara\564.jpg,Sem mascara,0
664,imagens/sem-mascara\565.jpg,Sem mascara,0
665,imagens/sem-mascara\566.jpg,Sem mascara,0
666,imagens/sem-mascara\567.jpg,Sem mascara,0
667,imagens/sem-mascara\568.jpg,Sem mascara,0
668,imagens/sem-mascara\569.jpg,Sem mascara,0
669,imagens/sem-mascara\57.jpg,Sem mascara,0
670,imagens/sem-mascara\570.jpg,Sem mascara,0
671,imagens/sem-mascara\571.jpg,Sem mascara,0
672,imagens/sem-mascara\572.jpg,Sem mascara,0
673,imagens/sem-mascara\573.jpg,Sem mascara,0
674,imagens/sem-mascara\574.jpg,Sem mascara,0
675,imagens/sem-mascara\575.jpg,Sem mascara,0
676,imagens/sem-mascara\576.jpg,Sem mascara,0
677,imagens/sem-mascara\577.jpg,Sem mascara,0
678,imagens/sem-mascara\578.jpg,Sem mascara,0
679,imagens/sem-mascara\579.jpg,Sem mascara,0
680,imagens/sem-mascara\58.jpg,Sem mascara,0
681,imagens/sem-mascara\580.jpg,Sem mascara,0
682,imagens/sem-mascara\581.jpg,Sem mascara,0
683,imagens/sem-mascara\582.jpg,Sem mascara,0
684,imagens/sem-mascara\583.jpg,Sem mascara,0
685,imagens/sem-mascara\584.jpg,Sem mascara,0
686,imagens/sem-mascara\585.jpg,Sem mascara,0
687,imagens/sem-mascara\586.jpg,Sem mascara,0
688,imagens/sem-mascara\587.jpg,Sem mascara,0
689,imagens/sem-mascara\588.jpg,Sem mascara,0
690,imagens/sem-mascara\589.jpg,Sem mascara,0
691,imagens/sem-mascara\59.jpg,Sem mascara,0
692,imagens/sem-mascara\590.jpg,Sem mascara,0
693,imagens/sem-mascara\591.jpg,Sem mascara,0
694,imagens/sem-mascara\592.jpg,Sem mascara,0
695,imagens/sem-mascara\593.jpg,Sem mascara,0
696,imagens/sem-mascara\594.jpg,Sem mascara,0
697,imagens/sem-mascara\595.jpg,Sem mascara,0
698,imagens/sem-mascara\596.jpg,Sem mascara,0
699,imagens/sem-mascara\597.jpg,Sem mascara,0
700,imagens/sem-mascara\598.jpg,Sem mascara,0
701,imagens/sem-mascara\599.jpg,Sem mascara,0
702,imagens/sem-mascara\6.jpg,Sem mascara,0
703,imagens/sem-mascara\60.jpg,Sem mascara,0
704,imagens/sem-mascara\600.jpg,Sem mascara,0
705,imagens/sem-mascara\601.jpg,Sem mascara,0
706,imagens/sem-mascara\602.jpg,Sem mascara,0
707,imagens/sem-mascara\603.jpg,Sem mascara,0
708,imagens/sem-mascara\604.jpg,Sem mascara,0
709,imagens/sem-mascara\605.jpg,Sem mascara,0
710,imagens/sem-mascara\606.jpg,Sem mascara,0
711,imagens/sem-mascara\607.jpg,Sem mascara,0
712,imagens/sem-mascara\608.jpg,Sem mascara,0
713,imagens/sem-mascara\609.jpg,Sem mascara,0
714,imagens/sem-mascara\61.jpg,Sem mascara,0
715,imagens/sem-mascara\610.jpg,Sem mascara,0
716,imagens/sem-mascara\611.jpg,Sem mascara,0
717,imagens/sem-mascara\612.jpg,Sem mascara,0
718,imagens/sem-mascara\613.jpg,Sem mascara,0
719,imagens/sem-mascara\614.jpg,Sem mascara,0
720,imagens/sem-mascara\615.jpg,Sem mascara,0
721,imagens/sem-mascara\616.jpg,Sem mascara,0
722,imagens/sem-mascara\617.jpg,Sem mascara,0
723,imagens/sem-mascara\618.jpg,Sem mascara,0
724,imagens/sem-mascara\619.jpg,Sem mascara,0
725,imagens/sem-mascara\62.jpg,Sem mascara,0
726,imagens/sem-mascara\620.jpg,Sem mascara,0
727,imagens/sem-mascara\621.jpg,Sem mascara,0
728,imagens/sem-mascara\622.jpg,Sem mascara,0
729,imagens/sem-mascara\623.jpg,Sem mascara,0
730,imagens/sem-mascara\624.jpg,Sem mascara,0
731,imagens/sem-mascara\625.jpg,Sem mascara,0
732,imagens/sem-mascara\626.jpg,Sem mascara,0
733,imagens/sem-mascara\627.jpg,Sem mascara,0
734,imagens/sem-mascara\628.jpg,Sem mascara,0
735,imagens/sem-mascara\629.jpg,Sem mascara,0
736,imagens/sem-mascara\63.jpg,Sem mascara,0
737,imagens/sem-mascara\630.jpg,Sem mascara,0
738,imagens/sem-mascara\631.jpg,Sem mascara,0
739,imagens/sem-mascara\632.jpg,Sem mascara,0
740,imagens/sem-mascara\633.jpg,Sem mascara,0
741,imagens/sem-mascara\634.jpg,Sem mascara,0
742,imagens/sem-mascara\635.jpg,Sem mascara,0
743,imagens/sem-mascara\636.jpg,Sem mascara,0
744,imagens/sem-mascara\637.jpg,Sem mascara,0
745,imagens/sem-mascara\638.jpg,Sem mascara,0
746,imagens/sem-mascara\639.jpg,Sem mascara,0
747,imagens/sem-mascara\64.jpg,Sem mascara,0
748,imagens/sem-mascara\640.jpg,Sem mascara,0
749,imagens/sem-mascara\641.jpg,Sem mascara,0
750,imagens/sem-mascara\642.jpg,Sem mascara,0
751,imagens/sem-mascara\643.jpg,Sem mascara,0
752,imagens/sem-mascara\644.jpg,Sem mascara,0
753,imagens/sem-mascara\645.jpg,Sem mascara,0
754,imagens/sem-mascara\646.jpg,Sem mascara,0
755,imagens/sem-mascara\647.jpg,Sem mascara,0
756,imagens/sem-mascara\648.jpg,Sem mascara,0
757,imagens/sem-mascara\649.jpg,Sem mascara,0
758,imagens/sem-mascara\65.jpg,Sem mascara,0
759,imagens/sem-mascara\650.jpg,Sem mascara,0
760,imagens/sem-mascara\651.jpg,Sem mascara,0
761,imagens/sem-mascara\652.jpg,Sem mascara,0
762,imagens/sem-mascara\653.jpg,Sem mascara,0
763,imagens/sem-mascara\654.jpg,Sem mascara,0
764,imagens/sem-mascara\655.jpg,Sem mascara,0
765,imagens/sem-mascara\656.jpg,Sem mascara,0
766,imagens/sem-mascara\657.jpg,Sem mascara,0
767,imagens/sem-mascara\658.jpg,Sem mascara,0
768,imagens/sem-mascara\659.jpg,Sem mascara,0
769,imagens/sem-mascara\66.jpg,Sem mascara,0
770,imagens/sem-mascara\660.jpg,Sem mascara,0
771,imagens/sem-mascara\661.jpg,Sem mascara,0
772,imagens/sem-mascara\662.jpg,Sem mascara,0
773,imagens/sem-mascara\663.jpg,Sem mascara,0
774,imagens/sem-mascara\664.jpg,Sem mascara,0
775,imagens/sem-mascara\665.jpg,Sem mascara,0
776,imagens/sem-mascara\666.jpg,Sem mascara,0
777,imagens/sem-mascara\667.jpg,Sem mascara,0
778,imagens/sem-mascara\668.jpg,Sem mascara,0
779,imagens/sem-mascara\669.jpg,Sem mascara,0
780,imagens/sem-mascara\67.jpg,Sem mascara,0
781,imagens/sem-mascara\670.jpg,Sem mascara,0
782,imagens/sem-mascara\671.jpg,Sem mascara,0
783,imagens/sem-mascara\672.jpg,Sem mascara,0
784,imagens/sem-mascara\673.jpg,Sem mascara,0
785,imagens/sem-mascara\674.jpg,Sem mascara,0
786,imagens/sem-mascara\675.jpg,Sem mascara,0
787,imagens/sem-mascara\676.jpg,Sem mascara,0
788,imagens/sem-mascara\677.jpg,Sem mascara,0
789,imagens/sem-mascara\678.jpg,Sem mascara,0
790,imagens/sem-mascara\679.jpg,Sem mascara,0
791,imagens/sem-mascara\68.jpg,Sem mascara,0
792,imagens/sem-mascara\680.jpg,Sem mascara,0
793,imagens/sem-mascara\681.jpg,Sem mascara,0
794,imagens/sem-mascara\682.jpg,Sem mascara,0
795,imagens/sem-mascara\683.jpg,Sem mascara,0
796,imagens/sem-mascara\684.jpg,Sem mascara,0
797,imagens/sem-mascara\685.jpg,Sem mascara,0
798,imagens/sem-mascara\686.jpg,Sem mascara,0
799,imagens/sem-mascara\687.jpg,Sem mascara,0
800,imagens/sem-mascara\688.jpg,Sem mascara,0
801,imagens/sem-mascara\689.jpg,Sem mascara,0
802,imagens/sem-mascara\69.jpg,Sem mascara,0
803,imagens/sem-mascara\690.jpg,Sem mascara,0
804,imagens/sem-mascara\691.jpg,Sem mascara,0
805,imagens/sem-mascara\692.jpg,Sem mascara,0
806,imagens/sem-mascara\693.jpg,Sem mascara,0
807,imagens/sem-mascara\694.jpg,Sem mascara,0
808,imagens/sem-mascara\695.jpg,Sem mascara,0
809,imagens/sem-mascara\696.jpg,Sem mascara,0
810,imagens/sem-mascara\697.jpg,Sem mascara,0
811,imagens/sem-mascara\698.jpg,Sem mascara,0
812,imagens/sem-mascara\704.jpg,Sem mascara,0
813,imagens/sem-mascara\705.jpg,Sem mascara,0
814,imagens/sem-mascara\706.jpg,Sem mascara,0
815,imagens/sem-mascara\708.jpg,Sem mascara,0
816,imagens/sem-mascara\709.jpg,Sem mascara,0
817,imagens/sem-mascara\71.jpg,Sem mascara,0
818,imagens/sem-mascara\710.jpg,Sem mascara,0
819,imagens/sem-mascara\712.jpg,Sem mascara,0
820,imagens/sem-mascara\713.jpg,Sem mascara,0
821,imagens/sem-mascara\714.jpg,Sem mascara,0
822,imagens/sem-mascara\716.jpg,Sem mascara,0
823,imagens/sem-mascara\717.jpg,Sem mascara,0
824,imagens/sem-mascara\718.jpg,Sem mascara,0
825,imagens/sem-mascara\719.jpg,Sem mascara,0
826,imagens/sem-mascara\720.jpg,Sem mascara,0
827,imagens/sem-mascara\721.jpg,Sem mascara,0
828,imagens/sem-mascara\722.jpg,Sem mascara,0
829,imagens/sem-mascara\726.jpg,Sem mascara,0
830,imagens/sem-mascara\729.jpg,Sem mascara,0
831,imagens/sem-mascara\73.jpg,Sem mascara,0
832,imagens/sem-mascara\730.jpg,Sem mascara,0
833,imagens/sem-mascara\731.jpg,Sem mascara,0
834,imagens/sem-mascara\733.jpg,Sem mascara,0
835,imagens/sem-mascara\734.jpg,Sem mascara,0
836,imagens/sem-mascara\737.jpg,Sem mascara,0
837,imagens/sem-mascara\738.jpg,Sem mascara,0
838,imagens/sem-mascara\739.jpg,Sem mascara,0
839,imagens/sem-mascara\74.jpg,Sem mascara,0
840,imagens/sem-mascara\740.jpg,Sem mascara,0
841,imagens/sem-mascara\742.jpg,Sem mascara,0
842,imagens/sem-mascara\743.jpg,Sem mascara,0
843,imagens/sem-mascara\744.jpg,Sem mascara,0
844,imagens/sem-mascara\746.jpg,Sem mascara,0
845,imagens/sem-mascara\747.jpg,Sem mascara,0
846,imagens/sem-mascara\749.jpg,Sem mascara,0
847,imagens/sem-mascara\75.jpg,Sem mascara,0
848,imagens/sem-mascara\751.jpg,Sem mascara,0
849,imagens/sem-mascara\753.jpg,Sem mascara,0
850,imagens/sem-mascara\754.jpg,Sem mascara,0
851,imagens/sem-mascara\755.jpg,Sem mascara,0
852,imagens/sem-mascara\756.jpg,Sem mascara,0
853,imagens/sem-mascara\757.jpg,Sem mascara,0
854,imagens/sem-mascara\758.jpg,Sem mascara,0
855,imagens/sem-mascara\759.jpg,Sem mascara,0
856,imagens/sem-mascara\76.jpg,Sem mascara,0
857,imagens/sem-mascara\760.jpg,Sem mascara,0
858,imagens/sem-mascara\761.jpg,Sem mascara,0
859,imagens/sem-mascara\762.jpg,Sem mascara,0
860,imagens/sem-mascara\763.jpg,Sem mascara,0
861,imagens/sem-mascara\764.jpg,Sem mascara,0
862,imagens/sem-mascara\765.jpg,Sem mascara,0
863,imagens/sem-mascara\766.jpg,Sem mascara,0
864,imagens/sem-mascara\767.jpg,Sem mascara,0
865,imagens/sem-mascara\768.jpg,Sem mascara,0
866,imagens/sem-mascara\769.jpg,Sem mascara,0
867,imagens/sem-mascara\771.jpg,Sem mascara,0
868,imagens/sem-mascara\772.jpg,Sem mascara,0
869,imagens/sem-mascara\773.jpg,Sem mascara,0
870,imagens/sem-mascara\774.jpg,Sem mascara,0
871,imagens/sem-mascara\777.jpg,Sem mascara,0
872,imagens/sem-mascara\779.jpg,Sem mascara,0
873,imagens/sem-mascara\78.jpg,Sem mascara,0
874,imagens/sem-mascara\781.jpg,Sem mascara,0
875,imagens/sem-mascara\784.jpg,Sem mascara,0
876,imagens/sem-mascara\785.jpg,Sem mascara,0
877,imagens/sem-mascara\789.jpg,Sem mascara,0
878,imagens/sem-mascara\79.jpg,Sem mascara,0
879,imagens/sem-mascara\790.jpg,Sem mascara,0
880,imagens/sem-mascara\791.jpg,Sem mascara,0
881,imagens/sem-mascara\794.jpg,Sem mascara,0
882,imagens/sem-mascara\797.jpg,Sem mascara,0
883,imagens/sem-mascara\799.jpg,Sem mascara,0
884,imagens/sem-mascara\8.jpg,Sem mascara,0
885,imagens/sem-mascara\80.jpg,Sem mascara,0
886,imagens/sem-mascara\800.jpg,Sem mascara,0
887,imagens/sem-mascara\802.jpg,Sem mascara,0
888,imagens/sem-mascara\804.jpg,Sem mascara,0
889,imagens/sem-mascara\805.jpg,Sem mascara,0
890,imagens/sem-mascara\806.jpg,Sem mascara,0
891,imagens/sem-mascara\807.jpg,Sem mascara,0
892,imagens/sem-mascara\808.jpg,Sem mascara,0
893,imagens/sem-mascara\810.jpg,Sem mascara,0
894,imagens/sem-mascara\811.jpg,Sem mascara,0
895,imagens/sem-mascara\813.jpg,Sem mascara,0
896,imagens/sem-mascara\816.jpg,Sem mascara,0
897,imagens/sem-mascara\817.jpg,Sem mascara,0
898,imagens/sem-mascara\819.jpg,Sem mascara,0
899,imagens/sem-mascara\82.jpg,Sem mascara,0
900,imagens/sem-mascara\820.jpg,Sem mascara,0
901,imagens/sem-mascara\822.jpg,Sem mascara,0
902,imagens/sem-mascara\823.jpg,Sem mascara,0
903,imagens/sem-mascara\824.jpg,Sem mascara,0
904,imagens/sem-mascara\825.jpg,Sem mascara,0
905,imagens/sem-mascara\826.jpg,Sem mascara,0
906,imagens/sem-mascara\829.jpg,Sem mascara,0
907,imagens/sem-mascara\83.jpg,Sem mascara,0
908,imagens/sem-mascara\831.jpg,Sem mascara,0
909,imagens/sem-mascara\832.jpg,Sem mascara,0
910,imagens/sem-mascara\833.jpg,Sem mascara,0
911,imagens/sem-mascara\834.jpg,Sem mascara,0
912,imagens/sem-mascara\836.jpg,Sem mascara,0
913,imagens/sem-mascara\837.jpg,Sem mascara,0
914,imagens/sem-mascara\838.jpg,Sem mascara,0
915,imagens/sem-mascara\841.jpg,Sem mascara,0
916,imagens/sem-mascara\842.jpg,Sem mascara,0
917,imagens/sem-mascara\843.jpg,Sem mascara,0
918,imagens/sem-mascara\844.jpg,Sem mascara,0
919,imagens/sem-mascara\847.jpg,Sem mascara,0
920,imagens/sem-mascara\849.jpg,Sem mascara,0
921,imagens/sem-mascara\850.jpg,Sem mascara,0
922,imagens/sem-mascara\852.jpg,Sem mascara,0
923,imagens/sem-mascara\853.jpg,Sem mascara,0
924,imagens/sem-mascara\854.jpg,Sem mascara,0
925,imagens/sem-mascara\855.jpg,Sem mascara,0
926,imagens/sem-mascara\856.jpg,Sem mascara,0
927,imagens/sem-mascara\857.jpg,Sem mascara,0
928,imagens/sem-mascara\86.jpg,Sem mascara,0
929,imagens/sem-mascara\860.jpg,Sem mascara,0
930,imagens/sem-mascara\863.jpg,Sem mascara,0
931,imagens/sem-mascara\864.jpg,Sem mascara,0
932,imagens/sem-mascara\865.jpg,Sem mascara,0
933,imagens/sem-mascara\869.jpg,Sem mascara,0
934,imagens/sem-mascara\870.jpg,Sem mascara,0
935,imagens/sem-mascara\871.jpg,Sem mascara,0
936,imagens/sem-mascara\876.jpg,Sem mascara,0
937,imagens/sem-mascara\879.jpg,Sem mascara,0
938,imagens/sem-mascara\880.jpg,Sem mascara,0
939,imagens/sem-mascara\881.jpg,Sem mascara,0
940,imagens/sem-mascara\883.jpg,Sem mascara,0
941,imagens/sem-mascara\884.jpg,Sem mascara,0
942,imagens/sem-mascara\885.jpg,Sem mascara,0
943,imagens/sem-mascara\888.jpg,Sem mascara,0
944,imagens/sem-mascara\892.jpg,Sem mascara,0
945,imagens/sem-mascara\893.jpg,Sem mascara,0
946,imagens/sem-mascara\894.jpg,Sem mascara,0
947,imagens/sem-mascara\895.jpg,Sem mascara,0
948,imagens/sem-mascara\896.jpg,Sem mascara,0
949,imagens/sem-mascara\900.jpg,Sem mascara,0
950,imagens/sem-mascara\901.jpg,Sem mascara,0
951,imagens/sem-mascara\902.jpg,Sem mascara,0
952,imagens/sem-mascara\905.jpg,Sem mascara,0
953,imagens/sem-mascara\906.jpg,Sem mascara,0
954,imagens/sem-mascara\907.jpg,Sem mascara,0
955,imagens/sem-mascara\908.jpg,Sem mascara,0
956,imagens/sem-mascara\909.jpg,Sem mascara,0
957,imagens/sem-mascara\910.jpg,Sem mascara,0
958,imagens/sem-mascara\912.jpg,Sem mascara,0
959,imagens/sem-mascara\913.jpg,Sem mascara,0
960,imagens/sem-mascara\914.jpg,Sem mascara,0
961,imagens/sem-mascara\915.jpg,Sem mascara,0
962,imagens/sem-mascara\916.jpg,Sem mascara,0
963,imagens/sem-mascara\917.jpg,Sem mascara,0
964,imagens/sem-mascara\918.jpg,Sem mascara,0
965,imagens/sem-mascara\92.jpg,Sem mascara,0
966,imagens/sem-mascara\920.jpg,Sem mascara,0
967,imagens/sem-mascara\921.jpg,Sem mascara,0
968,imagens/sem-mascara\922.jpg,Sem mascara,0
969,imagens/sem-mascara\923.jpg,Sem mascara,0
970,imagens/sem-mascara\927.jpg,Sem mascara,0
971,imagens/sem-mascara\929.jpg,Sem mascara,0
972,imagens/sem-mascara\93.jpg,Sem mascara,0
973,imagens/sem-mascara\930.jpg,Sem mascara,0
974,imagens/sem-mascara\931.jpg,Sem mascara,0
975,imagens/sem-mascara\933.jpg,Sem mascara,0
976,imagens/sem-mascara\934.jpg,Sem mascara,0
977,imagens/sem-mascara\935.jpg,Sem mascara,0
978,imagens/sem-mascara\937.jpg,Sem mascara,0
979,imagens/sem-mascara\939.jpg,Sem mascara,0
980,imagens/sem-mascara\940.jpg,Sem mascara,0
981,imagens/sem-mascara\942.jpg,Sem mascara,0
982,imagens/sem-mascara\944.jpg,Sem mascara,0
983,imagens/sem-mascara\945.jpg,Sem mascara,0
984,imagens/sem-mascara\946.jpg,Sem mascara,0
985,imagens/sem-mascara\949.jpg,Sem mascara,0
986,imagens/sem-mascara\95.jpg,Sem mascara,0
987,imagens/sem-mascara\950.jpg,Sem mascara,0
988,imagens/sem-mascara\951.jpg,Sem mascara,0
989,imagens/sem-mascara\952.jpg,Sem mascara,0
990,imagens/sem-mascara\953.jpg,Sem mascara,0
991,imagens/sem-mascara\955.jpg,Sem mascara,0
992,imagens/sem-mascara\957.jpg,Sem mascara,0
993,imagens/sem-mascara\958.jpg,Sem mascara,0
994,imagens/sem-mascara\96.jpg,Sem mascara,0
995,imagens/sem-mascara\97.jpg,Sem mascara,0
996,imagens/sem-mascara\99.jpg,Sem mascara,0
